<Default>
<callManagerGroup>
    <members>
       <member priority="0">
          <callManager>
             <ports>
                <ethernetPhonePort>2000</ethernetPhonePort>
                <mgcpPorts>
                   <listen>2427</listen>
                   <keepAlive>2428</keepAlive>
                </mgcpPorts>
             </ports>
             <processNodeName>10.10.0.253</processNodeName>
          </callManager>
       </member>
    </members>
 </callManagerGroup>
<loadInformation124  model="Cisco IP Phone 7914 14-Button Line Expansion
  Module"></loadInformation124>
<loadInformation227  model="Cisco IP Phone 7915 12-Button Line Expansion
  Module"></loadInformation227>
<loadInformation228  model="Cisco IP Phone 7915 24-Button Line Expansion
  Module"></loadInformation228>
<loadInformation229  model="Cisco IP Phone 7916 12-Button Line Expansion
  Module"></loadInformation229>
<loadInformation230  model="Cisco IP Phone 7916 24-Button Line Expansion
  Module"></loadInformation230>
<loadInformation30008  model="Cisco IP Phone 6921">SCCP69xx.9-0-3-b</loadInformation30008>
<loadInformation30008  model="Cisco IP Phone 7902"></loadInformation30008>
<loadInformation20000  model="Cisco IP Phone 7905"></loadInformation20000>
<loadInformation369  model="Cisco IP Phone 7906"></loadInformation369>
<loadInformation6  model="Cisco IP Phone 7910"></loadInformation6>
<loadInformation307  model="Cisco IP Phone 7911"></loadInformation307>
<loadInformation30007  model="Cisco IP Phone 7912"></loadInformation30007>
<loadInformation30002  model="Cisco IP Phone 7920"></loadInformation30002>
<loadInformation365  model="Cisco IP Phone 7921"></loadInformation365>
<loadInformation348  model="Cisco IP Phone 7931"></loadInformation348>
<loadInformation9  model="Cisco IP Conference Station 7935"></loadInformation9>
<loadInformation30019  model="Cisco IP Phone 7936"></loadInformation30019>
<loadInformation431  model="Cisco IP Conference Station 7937"></loadInformation431>
<loadInformation8  model="Cisco IP Phone 7940">P00308010200</loadInformation8>
<loadInformation115  model="Cisco IP Phone 7941"></loadInformation115>
<loadInformation309  model="Cisco IP Phone 7941GE"></loadInformation309>
<loadInformation434  model="Cisco IP Phone 7942"></loadInformation434>
<loadInformation435  model="Cisco IP Phone 7945">SCCP45.9-4-2SR3-1S</loadInformation435>
<loadInformation7  model="Cisco IP Phone 7960">P00308010200</loadInformation7>
<loadInformation30018  model="Cisco IP Phone 7961">SIP41.9-4-2SR1-1S</loadInformation30018>
<loadInformation308  model="Cisco IP Phone 7961GE"></loadInformation308>
<loadInformation404  model="Cisco IP Phone 7962"></loadInformation404>
<loadInformation436  model="Cisco IP Phone 7965"></loadInformation436>
<loadInformation30006  model="Cisco IP Phone 7970"></loadInformation30006>
<loadInformation119  model="Cisco IP Phone 7971"></loadInformation119>
<loadInformation437  model="Cisco IP Phone 7975"></loadInformation437>
<loadInformation302  model="Cisco IP Phone 7985"></loadInformation302>
</Default>
